{
  "lang":"en",
  "name":"pipeline",
  "version":"0.0.0",
  "spacy_version":">=3.8.4,<3.9.0",
  "description":"",
  "author":"",
  "email":"",
  "url":"",
  "license":"",
  "spacy_git_version":"85cc763",
  "vectors":{
    "width":0,
    "vectors":0,
    "keys":0,
    "name":null,
    "mode":"default"
  },
  "labels":{
    "tok2vec":[

    ],
    "ner":[
      "B-LOC",
      "B-MISC",
      "B-ORG",
      "B-PER",
      "I-LOC",
      "I-MISC",
      "I-ORG",
      "I-PER"
    ]
  },
  "pipeline":[
    "tok2vec",
    "ner"
  ],
  "components":[
    "tok2vec",
    "ner"
  ],
  "disabled":[

  ],
  "performance":{
    "ents_f":0.9959604565,
    "ents_p":0.9960921432,
    "ents_r":0.9958288047,
    "ents_per_type":{
      "B-ORG":{
        "p":0.9954157445,
        "r":0.9962031324,
        "f":0.9958092828
      },
      "B-MISC":{
        "p":0.9935691318,
        "r":0.9886561955,
        "f":0.9911065753
      },
      "B-PER":{
        "p":0.9989371394,
        "r":0.9968181818,
        "f":0.9978765357
      },
      "I-PER":{
        "p":0.9988960035,
        "r":0.9991166078,
        "f":0.9990062935
      },
      "B-LOC":{
        "p":0.994273743,
        "r":0.9970588235,
        "f":0.9956643357
      },
      "I-ORG":{
        "p":0.9972943723,
        "r":0.9951403888,
        "f":0.9962162162
      },
      "I-MISC":{
        "p":0.9939183319,
        "r":0.9904761905,
        "f":0.9921942758
      },
      "I-LOC":{
        "p":0.9896995708,
        "r":0.9965427831,
        "f":0.9931093885
      }
    },
    "tok2vec_loss":743.340026972,
    "ner_loss":807.8822021484
  }
}